[
    {
        "text": "Won\nUncontested\nMUKESHKUMAR CHANDRAKAANT DALAL\nBharatiya Janata Party",
        "url": "https://results.eci.gov.in/uploads4/candprofile/2024/PC/E24/S06/MUKES-2024-4763.jpg",
        "status": "won",
        "votes": "NA",
        "margin": "NA",
        "name": "MUKESHKUMAR CHANDRAKAANT DALAL",
        "party": "Bharatiya Janata Party",
        "constituency_name": "Surat",
        "constituency_code": "S0624",
        "state_name": "Gujarat",
        "state_code": "S06"
    }
]